﻿<?xml version="1.0" encoding="utf-8"?>
<Roots >
  <Roots.PropertyPathNames>
    <RootPropertyPathName Name="Message" />
    <RootPropertyPathName Name="ItemDisplayName" />
    <RootPropertyPathName Name="SecurityEnabled" />
    <RootPropertyPathName Name="Ssid" />
    <RootPropertyPathName Name="SignalStrength" />
  </Roots.PropertyPathNames>
  <Roots.RootTypes>
    <RootType FullName="Windows.UI.Xaml.Application">
      <RootProperty Name="RequestedTheme" />
      <RootProperty Name="Resources" />
    </RootType>
    <RootType FullName="Windows.UI.Xaml.Controls.ListBoxItem" />
    <RootType FullName="Windows.UI.Xaml.FrameworkElement">
      <RootProperty Name="HorizontalAlignment" />
      <RootProperty Name="VerticalAlignment" />
      <RootProperty Name="RequestedTheme" />
      <RootProperty Name="Height" />
      <RootProperty Name="Margin" />
    </RootType>
    <RootType FullName="Windows.UI.Xaml.Controls.Control">
      <RootProperty Name="Background" />
      <RootProperty Name="Template" />
      <RootProperty Name="BorderThickness" />
      <RootProperty Name="BorderBrush" />
      <RootProperty Name="Foreground" />
      <RootProperty Name="FontSize" />
    </RootType>
    <RootType FullName="Windows.UI.Xaml.Controls.Button">
      <RootProperty Name="Name" />
      <RootProperty Name="Content" />
      <RootProperty Name="Visibility" />
      <RootProperty Name="FontSize" />
      <RootProperty Name="Margin" />
      <RootProperty Name="HorizontalAlignment" />
      <RootProperty Name="VerticalAlignment" />
      <RootProperty Name="Style" />
      <RootProperty Name="Background" />
      <RootProperty Name="IsEnabled" />
      <RootProperty Name="BorderThickness" />
      <RootProperty Name="Width" />
      <RootEvent Name="Click" />
    </RootType>
    <RootType FullName="Windows.UI.Xaml.Controls.ContentControl">
      <RootProperty Name="ContentTemplate" />
    </RootType>
    <RootType FullName="Windows.UI.Xaml.UIElement">
      <RootProperty Name="IsHitTestVisible" />
    </RootType>
    <RootType FullName="Windows.UI.Xaml.Controls.Border">
      <RootProperty Name="Background" />
      <RootProperty Name="BorderBrush" />
      <RootProperty Name="BorderThickness" />
      <RootProperty Name="Margin" />
      <RootProperty Name="Child" />
    </RootType>
    <RootType FullName="Windows.UI.Xaml.Controls.TextBlock">
      <RootProperty Name="FontSize" />
      <RootProperty Name="Foreground" />
      <RootProperty Name="TextWrapping" />
      <RootProperty Name="FontWeight" />
      <RootProperty Name="Text" />
      <RootProperty Name="Margin" />
      <RootProperty Name="Name" />
      <RootProperty Name="VerticalAlignment" />
      <RootProperty Name="Style" />
      <RootProperty Name="Visibility" />
      <RootProperty Name="HorizontalAlignment" />
      <RootProperty Name="Opacity" />
      <RootProperty Name="TextLineBounds" />
      <RootProperty Name="TextAlignment" />
      <RootProperty Name="TextTrimming" />
      <RootProperty Name="IsTapEnabled" />
      <RootEvent Name="Holding" />
      <RootEvent Name="PointerMoved" />
      <RootEvent Name="PointerExited" />
      <RootEvent Name="Tapped" />
    </RootType>
    <RootType FullName="Windows.UI.Xaml.Setter">
      <RootProperty Name="Property" />
      <RootProperty Name="Value" />
    </RootType>
    <RootType FullName="Microsoft.Xaml.DirectUI.ProxyTypes.StaticResourceExtension" />
    <RootType FullName="Windows.UI.Xaml.DataTemplate">
      <RootProperty Name="Template" />
    </RootType>
    <RootType FullName="Windows.UI.Xaml.Data.Binding" />
    <RootType FullName="Windows.UI.Xaml.Controls.ControlTemplate">
      <RootProperty Name="TargetType" />
      <RootProperty Name="Template" />
    </RootType>
    <RootType FullName="Windows.UI.Xaml.Controls.Grid">
      <RootProperty Name="Background" />
      <RootProperty Name="RowDefinitions" />
      <RootProperty Name="ColumnDefinitions" />
      <RootProperty Name="Children" />
      <RootProperty Name="Margin" />
      <RootProperty Name="HorizontalAlignment" />
      <RootProperty Name="VerticalAlignment" />
      <RootProperty Name="Resources" />
      <RootProperty Name="Height" />
      <RootProperty Name="Width" />
      <RootProperty Name="Visibility" />
      <RootProperty Name="RenderTransform" />
      <RootProperty Name="BorderBrush" />
      <RootProperty Name="BorderThickness" />
      <RootProperty Name="IsDoubleTapEnabled" />
      <RootProperty Name="MaxWidth" />
      <RootProperty Name="MinHeight" />
      <RootProperty Name="MinWidth" />
      <RootProperty Name="Name" />
      <RootProperty Name="IsTapEnabled" />
      <RootProperty Name="IsHitTestVisible" />
      <RootEvent Name="PointerExited" />
      <RootEvent Name="Tapped" />
      <RootEvent Name="PointerMoved" />
      <RootMethod Name="GetRow" />
      <RootMethod Name="SetRow" />
      <RootMethod Name="GetColumn" />
      <RootMethod Name="SetColumn" />
    </RootType>
    <RootType FullName="Microsoft.Xaml.DirectUI.ProxyTypes.TemplateBindingExtension" />
    <RootType FullName="Windows.UI.Xaml.Controls.RowDefinition">
      <RootProperty Name="Height" />
      <RootProperty Name="MaxHeight" />
    </RootType>
    <RootType FullName="Windows.UI.Xaml.Controls.ColumnDefinition">
      <RootProperty Name="Width" />
    </RootType>
    <RootType FullName="Microsoft.Xaml.DirectUI.ProxyTypes.ThemeResourceExtension" />
    <RootType FullName="Windows.UI.Xaml.Controls.Image">
      <RootProperty Name="Source" />
      <RootProperty Name="Margin" />
      <RootProperty Name="HorizontalAlignment" />
      <RootProperty Name="VerticalAlignment" />
      <RootProperty Name="Stretch" />
      <RootProperty Name="RenderTransformOrigin" />
      <RootProperty Name="RenderTransform" />
      <RootProperty Name="Name" />
      <RootProperty Name="Height" />
    </RootType>
    <RootType FullName="Windows.UI.Xaml.Controls.Page">
      <RootProperty Name="Content" />
      <RootProperty Name="Name" />
      <RootProperty Name="BottomAppBar" />
    </RootType>
    <RootType FullName="SystemFunctionalTest.MainPage" />
    <RootType FullName="Windows.UI.Xaml.Controls.ScrollViewer">
      <RootProperty Name="VerticalScrollBarVisibility" />
      <RootProperty Name="Content" />
    </RootType>
    <RootType FullName="Windows.UI.Xaml.Controls.StackPanel">
      <RootProperty Name="Orientation" />
      <RootProperty Name="Children" />
      <RootProperty Name="Margin" />
      <RootProperty Name="VerticalAlignment" />
      <RootProperty Name="Width" />
      <RootProperty Name="Height" />
      <RootProperty Name="HorizontalAlignment" />
      <RootProperty Name="Name" />
      <RootProperty Name="Visibility" />
    </RootType>
    <RootType FullName="SystemFunctionalTest.MenuPage" />
    <RootType FullName="SystemFunctionalTest.PhasePage" />
    <RootType FullName="SystemFunctionalTest.ResetTestPage" />
    <RootType FullName="SystemFunctionalTest.SysInfoPage" />
    <RootType FullName="SystemFunctionalTest.SysShutdownPage" />
    <RootType FullName="SystemFunctionalTest.SystemResetPage" />
    <RootType FullName="Windows.UI.Xaml.Controls.Canvas">
      <RootProperty Name="Width" />
      <RootProperty Name="Height" />
      <RootProperty Name="Children" />
      <RootProperty Name="RenderTransformOrigin" />
      <RootProperty Name="HorizontalAlignment" />
      <RootProperty Name="VerticalAlignment" />
      <RootProperty Name="Name" />
      <RootProperty Name="Background" />
      <RootEvent Name="Tapped" />
      <RootEvent Name="PointerExited" />
      <RootMethod Name="GetLeft" />
      <RootMethod Name="SetLeft" />
      <RootMethod Name="GetTop" />
      <RootMethod Name="SetTop" />
    </RootType>
    <RootType FullName="Windows.UI.Xaml.Shapes.Ellipse">
      <RootProperty Name="Width" />
      <RootProperty Name="Height" />
      <RootProperty Name="Fill" />
      <RootProperty Name="Stroke" />
      <RootProperty Name="StrokeThickness" />
      <RootProperty Name="Name" />
      <RootProperty Name="Stretch" />
      <RootProperty Name="Visibility" />
      <RootProperty Name="VerticalAlignment" />
      <RootProperty Name="HorizontalAlignment" />
    </RootType>
    <RootType FullName="SystemFunctionalTest.TestAccelerometer" />
    <RootType FullName="Windows.UI.Xaml.Controls.Viewbox">
      <RootProperty Name="Stretch" />
      <RootProperty Name="Child" />
    </RootType>
    <RootType FullName="Windows.UI.Xaml.Controls.MediaElement">
      <RootProperty Name="Name" />
      <RootProperty Name="Width" />
      <RootProperty Name="Height" />
      <RootProperty Name="AreTransportControlsEnabled" />
      <RootProperty Name="Stretch" />
      <RootProperty Name="HorizontalAlignment" />
      <RootProperty Name="VerticalAlignment" />
      <RootProperty Name="Visibility" />
      <RootEvent Name="CurrentStateChanged" />
      <RootEvent Name="MediaEnded" />
    </RootType>
    <RootType FullName="Windows.UI.Xaml.Controls.ProgressBar">
      <RootProperty Name="Name" />
      <RootProperty Name="Value" />
      <RootProperty Name="IsIndeterminate" />
      <RootProperty Name="Maximum" />
      <RootProperty Name="Height" />
      <RootProperty Name="Width" />
      <RootProperty Name="Margin" />
    </RootType>
    <RootType FullName="SystemFunctionalTest.TestAudio" />
    <RootType FullName="SystemFunctionalTest.TestBacklight" />
    <RootType FullName="SystemFunctionalTest.TestBattery" />
    <RootType FullName="SystemFunctionalTest.TestBluetooth" />
    <RootType FullName="SystemFunctionalTest.TestBrightness" />
    <RootType FullName="Windows.UI.Xaml.Media.Animation.Storyboard">
      <RootProperty Name="AutoReverse" />
      <RootProperty Name="RepeatBehavior" />
      <RootProperty Name="Children" />
      <RootMethod Name="GetTargetProperty" />
      <RootMethod Name="SetTargetProperty" />
      <RootMethod Name="GetTargetName" />
      <RootMethod Name="SetTargetName" />
    </RootType>
    <RootType FullName="Windows.UI.Xaml.Media.Animation.ObjectAnimationUsingKeyFrames">
      <RootProperty Name="KeyFrames" />
    </RootType>
    <RootType FullName="Windows.UI.Xaml.Media.Animation.DiscreteObjectKeyFrame">
      <RootProperty Name="KeyTime" />
      <RootProperty Name="Value" />
    </RootType>
    <RootType FullName="Windows.UI.Xaml.Visibility" />
    <RootType FullName="Windows.UI.Xaml.Media.Animation.DoubleAnimationUsingKeyFrames">
      <RootProperty Name="KeyFrames" />
    </RootType>
    <RootType FullName="Windows.UI.Xaml.Media.Animation.EasingDoubleKeyFrame">
      <RootProperty Name="KeyTime" />
      <RootProperty Name="Value" />
    </RootType>
    <RootType FullName="Windows.UI.Xaml.Media.RotateTransform">
      <RootProperty Name="Angle" />
    </RootType>
    <RootType FullName="Windows.UI.Xaml.Media.CompositeTransform" />
    <RootType FullName="Windows.UI.Xaml.Controls.CaptureElement">
      <RootProperty Name="RenderTransformOrigin" />
      <RootProperty Name="Width" />
      <RootProperty Name="Height" />
      <RootProperty Name="FlowDirection" />
      <RootProperty Name="RenderTransform" />
    </RootType>
    <RootType FullName="Windows.UI.Xaml.Controls.CommandBar">
      <RootProperty Name="PrimaryCommands" />
    </RootType>
    <RootType FullName="Windows.UI.Xaml.Controls.AppBarButton">
      <RootProperty Name="Label" />
      <RootProperty Name="Icon" />
      <RootProperty Name="HorizontalAlignment" />
      <RootEvent Name="Click" />
    </RootType>
    <RootType FullName="SystemFunctionalTest.TestCamera" />
    <RootType FullName="Windows.UI.Xaml.Media.ScaleTransform" />
    <RootType FullName="SystemFunctionalTest.TestCameraPhoto" />
    <RootType FullName="SystemFunctionalTest.TestCompass" />
    <RootType FullName="Windows.UI.Xaml.Controls.FontIcon">
      <RootProperty Name="FontFamily" />
      <RootProperty Name="Glyph" />
      <RootProperty Name="FontSize" />
    </RootType>
    <RootType FullName="SystemFunctionalTest.TestDialer" />
    <RootType FullName="SystemFunctionalTest.TestDisplay" />
    <RootType FullName="SystemFunctionalTest.TestDisplayColorTest" />
    <RootType FullName="SystemFunctionalTest.TestExtDisplay" />
    <RootType FullName="SystemFunctionalTest.TestFlashlight" />
    <RootType FullName="SystemFunctionalTest.TestFMRadio" />
    <RootType FullName="SystemFunctionalTest.TestGPS" />
    <RootType FullName="SystemFunctionalTest.TestGyrometer" />
    <RootType FullName="SystemFunctionalTest.TestKeyboard" />
    <RootType FullName="SystemFunctionalTest.TestKeypad" />
    <RootType FullName="SystemFunctionalTest.TestLight" />
    <RootType FullName="SystemFunctionalTest.TestPen" />
    <RootType FullName="Windows.UI.Xaml.Shapes.Rectangle">
      <RootProperty Name="Name" />
      <RootProperty Name="Width" />
      <RootProperty Name="Height" />
      <RootProperty Name="Fill" />
      <RootProperty Name="Stroke" />
      <RootProperty Name="StrokeThickness" />
    </RootType>
    <RootType FullName="SystemFunctionalTest.TestTouchFunc" />
    <RootType FullName="SystemFunctionalTest.TestProximity" />
    <RootType FullName="SystemFunctionalTest.TestSD" />
    <RootType FullName="SystemFunctionalTest.TestSIM" />
    <RootType FullName="SystemFunctionalTest.TestSystemInfo" />
    <RootType FullName="SystemFunctionalTest.TestTouch" />
    <RootType FullName="SystemFunctionalTest.TestPenDone" />
    <RootType FullName="SystemFunctionalTest.TestTouchDone" />
    <RootType FullName="SystemFunctionalTest.TestTouchHorizontalLines" />
    <RootType FullName="SystemFunctionalTest.TestPenFunc" />
    <RootType FullName="SystemFunctionalTest.TestTouchpad" />
    <RootType FullName="Windows.UI.Xaml.Controls.ListBox">
      <RootProperty Name="ItemContainerStyle" />
    </RootType>
    <RootType FullName="SystemFunctionalTest.TestUSB" />
    <RootType FullName="SystemFunctionalTest.TestVibrator" />
    <RootType FullName="SystemFunctionalTest.TestWiFi" />
  </Roots.RootTypes>
</Roots>
