﻿<?xml version="1.0" encoding="utf-8"?>
<Package xmlns="http://schemas.microsoft.com/appx/manifest/foundation/windows10" xmlns:mp="http://schemas.microsoft.com/appx/2014/phone/manifest" xmlns:uap="http://schemas.microsoft.com/appx/manifest/uap/windows10" xmlns:rescap="http://schemas.microsoft.com/appx/manifest/foundation/windows10/restrictedcapabilities" IgnorableNamespaces="uap mp rescap build" xmlns:build="http://schemas.microsoft.com/developer/appx/2015/build">
  <!--
  此包清单文件由生成过程生成。

  如果重新生成此文件，将丢失对其所做的更改。若要更正此文件中的错误，请编辑源 .appxmanifest 文件。

  有关程序包清单文件的详细信息，请参阅 http://go.microsoft.com/fwlink/?LinkID=241727
 -->
  <Identity Name="TCTMobileInternationalLim.SFT5055W" Publisher="CN=67107AAC-EE28-42C3-B2E0-3C87087CE246" Version="1.0.9.0" ProcessorArchitecture="arm" />
  <mp:PhoneIdentity PhoneProductId="b5c69e02-e14a-4d8c-8781-4ab9e353f92e" PhonePublisherId="21ecc7fb-3dcd-4f6a-9ce6-05d09f39d0d4" />
  <Properties>
    <DisplayName>SFT_5055W</DisplayName>
    <PublisherDisplayName>Huizhou TCL Mobile Communication Co.Ltd.</PublisherDisplayName>
    <Logo>Assets\StoreLogo.png</Logo>
  </Properties>
  <Dependencies>
    <TargetDeviceFamily Name="Windows.Universal" MinVersion="10.0.10586.0" MaxVersionTested="10.0.10586.0" />
    <PackageDependency Name="Microsoft.VCLibs.140.00" MinVersion="14.0.22929.0" Publisher="CN=Microsoft Corporation, O=Microsoft Corporation, L=Redmond, S=Washington, C=US" />
    <PackageDependency Name="Microsoft.NET.Native.Framework.1.2" MinVersion="1.2.23231.0" Publisher="CN=Microsoft Corporation, O=Microsoft Corporation, L=Redmond, S=Washington, C=US" />
    <PackageDependency Name="Microsoft.NET.Native.Runtime.1.1" MinVersion="1.1.23406.0" Publisher="CN=Microsoft Corporation, O=Microsoft Corporation, L=Redmond, S=Washington, C=US" />
  </Dependencies>
  <Resources>
    <Resource Language="EN-US" />
    <Resource Language="ZH-CN" />
    <Resource Language="ZH-TW" />
  </Resources>
  <Applications>
    <Application Id="App" Executable="SystemFunctionalTest.exe" EntryPoint="SystemFunctionalTest.App">
      <uap:VisualElements DisplayName="SFT_5055W" Square150x150Logo="Assets\Logo.png" Square44x44Logo="Assets\SmallLogo.png" Description="SystemFunctionalTest" BackgroundColor="transparent">
        <uap:DefaultTile Wide310x150Logo="Assets\WideLogo.png"></uap:DefaultTile>
        <uap:SplashScreen Image="Assets\SplashScreen.png" />
      </uap:VisualElements>
      <Extensions>
        <uap:Extension Category="windows.fileTypeAssociation">
          <uap:FileTypeAssociation Name="xml">
            <uap:SupportedFileTypes>
              <uap:FileType>.xml</uap:FileType>
              <uap:FileType>.mp4</uap:FileType>
            </uap:SupportedFileTypes>
          </uap:FileTypeAssociation>
        </uap:Extension>
        <uap:Extension Category="windows.protocol">
          <uap:Protocol Name="oem-tool-sft" />
        </uap:Extension>
        <!-- must add at least one file type association to enable removalbe storage access -->
      </Extensions>
    </Application>
  </Applications>
  <Capabilities>
    <Capability Name="internetClient" />
    <uap:Capability Name="removableStorage" />
    <uap:Capability Name="musicLibrary" />
    <uap:Capability Name="videosLibrary" />
    <uap:Capability Name="picturesLibrary" />
    <uap:Capability Name="phoneCall" />
    <uap:Capability Name="voipCall" />
    <!-- Capability - oemPublicDirectory - only works for TH2 versions. 
         It's similar to WP8.1 capability : ID_CAP_OEMPUBLICDIRECTORY 
         Remove comments to enable this capability.
    -->
    <rescap:Capability Name="oemPublicDirectory" />
    <rescap:Capability Name="cellularDeviceIdentity" />
    <rescap:Capability Name="cellularDeviceControl" />
    <rescap:Capability Name="interopServices" />
    <rescap:Capability Name="inputObservation" />
    <rescap:Capability Name="inputSuppression" />
    <DeviceCapability Name="location" />
    <DeviceCapability Name="webcam" />
    <DeviceCapability Name="microphone" />
    <DeviceCapability Name="radios" />
    <DeviceCapability Name="WiFiControl" />
  </Capabilities>
  <Extensions>
    <Extension Category="windows.activatableClass.inProcessServer">
      <InProcessServer>
        <Path>SystemTestServiceMobile_ClientRTComp.dll</Path>
        <ActivatableClass ActivatableClassId="SystemTestServiceMobile_ClientRTComp.GeneralTestFunctions" ThreadingModel="both" />
        <ActivatableClass ActivatableClassId="SystemTestServiceMobile_ClientRTComp.RIMInputHandler.TouchInputHandler" ThreadingModel="both" />
        <ActivatableClass ActivatableClassId="SystemTestServiceMobile_ClientRTComp.RIMInputHandler.KeypadInputHandler" ThreadingModel="both" />
      </InProcessServer>
    </Extension>
  </Extensions>
  <build:Metadata>
    <build:Item Name="TargetFrameworkMoniker" Value=".NETCore,Version=v5.0" />
    <build:Item Name="VisualStudio" Version="14.0" />
    <build:Item Name="VisualStudioEdition" Value="Microsoft Visual Studio Community 2015" />
    <build:Item Name="OperatingSystem" Version="6.3.9600.16384 (winblue_rtm.130821-1623)" />
    <build:Item Name="Microsoft.Build.AppxPackage.dll" Version="14.0.24720.0" />
    <build:Item Name="ProjectGUID" Value="{68133C91-FAC6-4808-9DF8-B61830D8B261}" />
    <build:Item Name="ilc.exe" Version="1.2.23413.00 built by: PROJECTNREL" />
    <build:Item Name="OptimizingToolset" Value="ilc.exe" />
    <build:Item Name="UseDotNetNativeSharedAssemblyFrameworkPackage" Value="true" />
    <build:Item Name="Microsoft.Windows.UI.Xaml.Build.Tasks.dll" Version="14.0.24720.0" />
    <build:Item Name="WindowsDesktop" Version="10.0.10586.0" />
    <build:Item Name="WindowsMobile" Version="10.0.10586.0" />
    <build:Item Name="MakePri.exe" Version="10.0.10586.15 (th2_release.151119-1817)" />
  </build:Metadata>
</Package>