<?xml version="1.0" encoding="UTF-8" standalone="no"?>
<BlockMap xmlns="http://schemas.microsoft.com/appx/2010/blockmap" HashMethod="http://www.w3.org/2001/04/xmlenc#sha256"><File Name="05DBE9EA-EF75-43DB-8A03-27898B59D1E9" Size="0" LfhSize="66"/><File Name="Assets\Compass.png" Size="7923" LfhSize="48"><Block Hash="nNgwhLHamfbWRJwQM6ufMLi/WXshW6IHUc91ReDuN2w="/></File><File Name="Assets\focusbracket.png" Size="188" LfhSize="53"><Block Hash="bb/qvcUS+gKH/d0ihv1BQpkzMRPEbFq2zFXk9zmcbEY="/></File><File Name="Assets\Gyrometer.png" Size="12877" LfhSize="50"><Block Hash="Bvr7v2hB5Ij0DiFZsXgKxCXclY/gjbTDb5psTzaO4V0="/></File><File Name="Assets\Logo.png" Size="6110" LfhSize="45"><Block Hash="4T2VUlBO2Jtlnbq3KugfqikgB2NYMYO7/mtU9ABpkYQ="/></File><File Name="Assets\SmallLogo.png" Size="4761" LfhSize="50"><Block Hash="zpHGPn8+qUg3YpOimdes8RdguxqD2WbgqkshwHX0msE="/></File><File Name="Assets\SplashScreen.png" Size="57415" LfhSize="53"><Block Hash="CGhEMScjK1tekwaxZ+QwIQNwfwumq/5F5aKQJ44B6vs="/></File><File Name="Assets\StoreLogo.png" Size="3998" LfhSize="50"><Block Hash="Pd631qNBVwrlTJZCAjnEIGGt1rNj4QC5hEQICHA34sc="/></File><File Name="Assets\WideLogo.png" Size="19894" LfhSize="49"><Block Hash="1kSsUHZ48P9zV//TAoAzvexd+L/Edqcp83NjwXzZtk8="/></File><File Name="Assets\WiFiDark0.png" Size="980" LfhSize="50"><Block Hash="DJo0HpK9ZWEMllrGI+dx6BTG29vWDtPe8+ruLgZBePY="/></File><File Name="Assets\WiFiDark1.png" Size="1091" LfhSize="50"><Block Hash="Ykep2jBhjiXYqjrtpDbtwUAm26v1mcpz0SseXgVzmww="/></File><File Name="Assets\WiFiDark2.png" Size="1195" LfhSize="50"><Block Hash="G6JYRYcrAa18zBK6gXn3Ug1bEWKnXv35EkfZ6Yx/mpM="/></File><File Name="Assets\WiFiDark3.png" Size="1022" LfhSize="50"><Block Hash="6WwYfCn5TVylm2Q2aD2zgYxeA6GbxaqKGrWiQj++/V0="/></File><File Name="Assets\WiFiLight0.png" Size="1543" LfhSize="51"><Block Hash="yRR1kpQJTAuLcn4FFhqsuVuianyueRHyBGpxbD512CA="/></File><File Name="Assets\WiFiLight1.png" Size="5024" LfhSize="51"><Block Hash="Uqn97Qpfdc6a9cCxShPOAaiLIt82VrLMzpdUIQDD7dY="/></File><File Name="Assets\WiFiLight2.png" Size="1653" LfhSize="51"><Block Hash="47yhnql1TNZ1w0GREcVRmUUpcdN04IeAfmT2cNveaZs="/></File><File Name="Assets\WiFiLight3.png" Size="3886" LfhSize="51"><Block Hash="5Ryi+ns8BCYM+OgNxoSFegsKb8sQVr6DlYbBv6sS3rY="/></File><File Name="ClrCompression.dll" Size="59560" LfhSize="48"><Block Hash="AG7mSkGz8CTPexg7PsL7K57Xo+mmptHC+EYRKJh2r50=" Size="35409"/></File><File Name="resources.pri" Size="123096" LfhSize="43"><Block Hash="fq38EO5JfsSDEz4C5iKBS97H4vC6qvIjHp2u4pbLKBg=" Size="13381"/><Block Hash="r/KbajJaIPWvfFCF2B+4CTrLdX6xEF3tBxtWbeRTpJo=" Size="13638"/></File><File Name="SFTConfig.xml" Size="10511" LfhSize="43"><Block Hash="241MFjVWkHYZVyUryStFETCXCcuwyIhCsh2swHKhnf0=" Size="2297"/></File><File Name="SystemFunctionalTest.exe" Size="15872" LfhSize="54"><Block Hash="0vPr3Bokwg9nm3/TfHfeC488JshkuviKaWe+Mytfyj4=" Size="2441"/></File><File Name="SystemFunctionalTest.xr.xml" Size="14331" LfhSize="57"><Block Hash="LE7Dok3985+hUo2uJ9+ZJk9cPU2JU4ph9f+bUkh29YY=" Size="1746"/></File><File Name="SystemTestServiceMobile_ClientRTComp.dll" Size="49152" LfhSize="70"><Block Hash="o+eWf6ECMZt45SiBNrwmDBTHLYzqc4HuoQ21hn2nTR0=" Size="19610"/></File><File Name="SystemTestServiceMobile_ClientRTComp.winmd" Size="6144" LfhSize="72"><Block Hash="gX11u2uh4efsdHY8Ea0iZxQsQMXCpn8DiA2OoKIBc9c=" Size="2760"/></File><File Name="SystemFunctionalTest.dll" Size="5201920" LfhSize="54"><Block Hash="i89WAEfbG7pXPT7x9PGRhGWjdfS+0eLw1a1261AFOFE=" Size="18695"/><Block Hash="Q2Vn7MJMptocfP0Ep7IQM3NXFqy+uPMHTL7iV4esSDM=" Size="18441"/><Block Hash="CRxAOcf9TKRKda7NpaNgVS8BDRfkpcUK9FbqHU3rLiM=" Size="18110"/><Block Hash="p+yc5MWbf4szViLlrOvBK7MbwtL3hhQW/6JK6a45zeY=" Size="16354"/><Block Hash="LaU0zDEBQbetNfLcgnpSicj3UiCGM3xArpdBaTb7POo=" Size="22168"/><Block Hash="8oiJH0Sh4laPWGH9sCqEI4kChM2IuG14TZENGftCMng=" Size="19981"/><Block Hash="mUvdUISFpRmt5b5I3uTpUuCS5fjycw1wS7BGbic1KcQ=" Size="18858"/><Block Hash="QJSC6wF7M/gfoWS/1w17XwOIIkbXo/Y+saVXl3O0q0k=" Size="19703"/><Block Hash="X+eLUHsNGm4k0O1V32zvimemicC5jIbuzbq1kz1Qo2Q=" Size="18701"/><Block Hash="j1DwynOvMCNNP5s7rkLmTKTJ3rFI5KY+qx8reIYjZho=" Size="21164"/><Block Hash="KAdPNfEE2aLMuXDsZ2YmvJvc5xVprIAQ6zmSlnzum6g=" Size="33649"/><Block Hash="/zTP1cHg/obWXTCRKSijrgodSmhA2Z9yycNtI1zogus=" Size="20585"/><Block Hash="nsIAMXPxyrwD7mi+ciUxKXKiGt6QDb9yJi/qxjofPX8=" Size="43991"/><Block Hash="YuVzJArYrOkw40PXKj7t0BG4LZusBWlpmI3NazPapIs=" Size="40690"/><Block Hash="KxwEdLrjc7yJFj8iBwn3ZZUyPHH77wU8GdU/4yZzcBQ=" Size="34157"/><Block Hash="ED80pM6WcC9F2LvxerV4X09UKu/vr+aJK0rluFQAjf4=" Size="31089"/><Block Hash="k1gzcF5+lPk0jJp9u938Xz0MoSvEVo4BBEF7SO4P5FI=" Size="29754"/><Block Hash="XJTY46Aqa44v35paf3BY7maT18zEOZjTT/887GiYRp0=" Size="28874"/><Block Hash="Ed4ZPxASQtMmo4kXuBr1tyFu4TXewVYIuXI1Zs3kLN0=" Size="29347"/><Block Hash="oVOXtsliBgm/s6xqphQK42LZIzIJhCnJyoDHc6oOFno=" Size="32531"/><Block Hash="MKVtvCB6lEzZ0Vbe0tbrIgLNwyb52oNSrYb5t8LItDw=" Size="24900"/><Block Hash="y9hsgS7TcbdfNhMy2EQr3iu3sQ6YUB/2Wqjw4DujgOk=" Size="41649"/><Block Hash="k3w5LAb2qCOn5TfQyZcfEy99KI00LW3eOlCK4OfWOrM=" Size="41829"/><Block Hash="lU1oTL78aPs196kFaYpzaVU3T3Eym+5o98g4huWjI5Q=" Size="37508"/><Block Hash="t2o0dJAimUCyP2GTwWhcOCiCor0Mq1+pORmf3HlQE04=" Size="30858"/><Block Hash="HVGUIiIzJqSi4XnvK/ooA506/85BjWty80dFnsHfcng=" Size="16616"/><Block Hash="Seum6QogVGSZfdVno2Age0H97G90Ft/PYCCA6dV4r1w=" Size="46087"/><Block Hash="H8HS8VINEKI6s4OEL3jm5rT/eQi6d4YK+3q4eeEZkKY=" Size="43196"/><Block Hash="QpAAu+Ehv11TlwM8NAK5QK9r8TkZTffoTy3Qq0aRAyo=" Size="41683"/><Block Hash="nUTSSDXYx1x5FMDAa0T3szIFGQosJUehJwN7kUhbez0=" Size="35688"/><Block Hash="00QREo0JaSy1heg2E1znQtSm26QJ3SADsFSzLnbwEKg=" Size="15038"/><Block Hash="0jhQKjbSEN9vO0OeOiVtUhcVKP0OoWLLVtAQ5VjpKdU=" Size="13944"/><Block Hash="lcjNc1t7wkmU/OgvQBInOwksUv96/wcflHWMJN6jstI=" Size="12331"/><Block Hash="yj/xp76kNKdQbhT8d8m35kyFhkpLZ2qb6DVaq+BuC/Q=" Size="39888"/><Block Hash="dCBOX1wfw5Oh9KrkyurKCAmye5LYu2xZ9BwVLxY8t0I=" Size="22239"/><Block Hash="SQmKVmyTlB0d//LYIWAuta8fthtKASlRmuX2jm5ogKE=" Size="16434"/><Block Hash="8m0mNyx90So16A3srdE+G1DXNKt0rOWmDBHphpGxjbE=" Size="24916"/><Block Hash="ncFgPL+sFn4pJWYVcj34nplw+fB0VU1FbMDMA4unbeg=" Size="29175"/><Block Hash="QrgM3MHZQvmka8J70QWNkbqT8PwzBtiQF26lJbClZDw=" Size="32682"/><Block Hash="smWVxrZ1gVBLKWYtxzue1lQtAiUuPcqWfxYHz7kz4NE=" Size="32577"/><Block Hash="koJ5cO7dsUEPECvsYvKgfy/DTYsPKbBEddLkqjvZDNw=" Size="30222"/><Block Hash="dlU0fqmP3n/TGvRSAcrEj7WNYBsiNAQ9Spz0E6rR5Wg=" Size="25385"/><Block Hash="QMSB0H0L+7ezLhP7Q1L5OsleWDXrBBDUkfixKFwNTEE=" Size="26482"/><Block Hash="T2y2PTHoK5bohI4ifqg0Aeqdz5kaVk4fKyZsdlettoU=" Size="23230"/><Block Hash="fbEZ2yv/T4UgUjjpili+qwT7qE5CJVAVn1a6QkfiL/M=" Size="27123"/><Block Hash="ovEc8aYDCvgEB6R269/TrFHDw9SlM7FUzji+ot4Uj3g=" Size="28980"/><Block Hash="4gOM6uEEeTSnWztE4QzSjcyFPfFLoW8W5ACx1i4ee9I=" Size="37413"/><Block Hash="ABITCAiTKonSkujqACcPm7CByqEMB3hg9W6+mKVbThI=" Size="35734"/><Block Hash="5zI/7zEx/kJWRXvd/a1Y93QRiM+24rGB86spoY7TGJI=" Size="37482"/><Block Hash="5mZrWz+TQ5hjxXumEkMlnxqUlA+hY6dh7dwIrj3/Go4=" Size="35512"/><Block Hash="K970sBZ+o0LWnSE95vF378STi+Z3WJRqfL7sez8uRIQ=" Size="33252"/><Block Hash="seFdjWieBYiCK2S6zjAjP44Z835GB+zAb7rAQlEUETY=" Size="25074"/><Block Hash="akiljeYCWmyN1LDnkhhhxqpi3uy4YMQzTz/MlaSlcRM=" Size="21281"/><Block Hash="c2WMnjfu/acZGc4PAuHNWTxk4QMS7VC5ZK28uTpRPuY=" Size="30983"/><Block Hash="RINNGAOLgltZfKiHW2qgaPTo8npx0h+rUvrSCKQ3wlc=" Size="35066"/><Block Hash="rwWDiNGsDdMicTnbNbKwnv/dgvIPynMGdgaKlJboKu4=" Size="31542"/><Block Hash="fLH66M7t9D2+ANUYReTvI7thUD6ELx6UI9Al3Jjo6x0=" Size="32613"/><Block Hash="gScePjNc2ue7+cJapPb3lA23APvSNKDpxluG4i6VXAQ=" Size="30513"/><Block Hash="oiPrODNxRAJ3i251aVstUcMKpg6ap3WXNWEjoZjARTo=" Size="20416"/><Block Hash="LmymWn2kbOY6mzC7TCTxmzN1aMcoPQJ0tgkzexwKKVs=" Size="23349"/><Block Hash="351S3pftbV2IBca3HLIEWr5lO12meCOcQHdx/vBdHLI=" Size="26489"/><Block Hash="p7W1Xd0FyOLPXNT1ORO/k62hTUQUTHBaKBI0RnKDJqw=" Size="26049"/><Block Hash="/BHKXX7XRJRb/B0smzY7cxDzPOXVMnzlmW4xy850WpQ=" Size="34881"/><Block Hash="Ytz+vnctFd85SpU88zcJZv5eM9Lh6goqz7NvJEtjRJE=" Size="32970"/><Block Hash="rLke4X4xg6Z2Xw5gnK843e7QMmjDIS1z8uSFu/Np44k=" Size="33554"/><Block Hash="jILWX2os0Eze/ctxVaD8rpXzhHsgUgNbD8oBdBEwakg=" Size="35094"/><Block Hash="z9x2lxQpLTIjXhRI0KDgawE4hqc7funBaz/gZ0880bI=" Size="36131"/><Block Hash="gfNX1fnRXI6fskohrAaNXmlO5iLKBmLqsQEpmg7sgsA=" Size="33058"/><Block Hash="2wrsDRfUoAgAnySGuUCJvwmJhrc2QSSH2DS4hAkKMbk=" Size="36310"/><Block Hash="3RVtg907oo5p4pYUkIn+M2JcUbjl0xFJA0gTA9ppd4M=" Size="34646"/><Block Hash="paTe088gWVVQgmfIKVNYrhpCs1ou9uHSRuy5h6OYN9k=" Size="35359"/><Block Hash="ov3sJjUIeGjuLy9rMLhfpK6PQpMv6mQeffbtYIN6Ea8=" Size="27156"/><Block Hash="R19rfuU5XLZ/QPUwnRKrnJvHrAVG/42gh9bsagVrhr4=" Size="21010"/><Block Hash="jjnCN336fuSXIbFuz3uf6yfmAsw11q1BM5LTH5AXUVY=" Size="21594"/><Block Hash="EMqc+qsotq7aXHyMiDiR+6w017l5pouHwLOP5iSZlJU=" Size="23241"/><Block Hash="x7f8tQkRi4Z9uHVRmfXTRqg4BexnkiSV2+uFUATwqWo=" Size="16916"/><Block Hash="MOaa5qKhbX5KeFwnjzqJP3R3TIZKpWA6+JHOd4Lm9lo=" Size="15826"/><Block Hash="5BG2eqemAkhrKuDVlHbipMiuQqQ2kfJWjC3eQPuv07Y=" Size="24040"/><Block Hash="FwU1qZd5KZQ9cIn/R7tEUPx3ZwVoJtwUDJcdHJM+SE0=" Size="29793"/><Block Hash="6IV8KnCyfxiOWHSHfsCQV/uMGcCGa299S0izthlSgx8=" Size="11651"/></File><File Name="AppxManifest.xml" Size="6065" LfhSize="46"><Block Hash="w81b0Bx8nY0guIf21yNgTt3RwEusPPKWNj3mpAvpIOo=" Size="2197"/></File></BlockMap>